"page_id","page_title","page_url","platform","format","post_copy"
"1","About SaaSVerdict | Methodology and Editorial Process","https://saasverdict.com/about/","Facebook Page","Feed post","Looking into About SaaSVerdict | Methodology and Editorial Process? Learn how SaaSVerdict evaluates antidetect browsers through reliability-first methodology, reproducibility rules, and transparent editorial governance. Read the full guide: https://saasverdict.com/about/. Comment 'checklist' if you want a quick evaluation sheet."
"2","Redirecting to Tools Ranking...","https://saasverdict.com/antidetect-browsers/","Facebook Page","Feed post","Looking into Redirecting to Tools Ranking...? Practical guide with actionable takeaways. Read the full guide: https://saasverdict.com/antidetect-browsers/. Comment 'checklist' if you want a quick evaluation sheet."
"3","Antidetect Compare Hub 2026: Multilogin X vs 22 Platforms | SaaSVerdict","https://saasverdict.com/compare/","Facebook Page","Feed post","Looking into Antidetect Compare Hub 2026: Multilogin X vs 22 Platforms | SaaSVerdict? SEO-first compare hub with 22 Multilogin X head-to-head pages, risk-based decision filters, and internal links across the full compare network. Read the full guide: https://saasverdict.com/compare/. Comment 'checklist' if you want a quick evaluation sheet."
"4","Best Multilogin Alternatives 2026: Cost, Risk, and Fit Matrix | SaaSVerdict","https://saasverdict.com/compare\multilogin-alternatives/","Facebook Page","Feed post","Looking into Best Multilogin Alternatives 2026: Cost, Risk, and Fit Matrix | SaaSVerdict? Find the best Multilogin alternatives by reliability, API readiness, and real operating cost. Compare risk profiles before committing annual plans. Read the full guide: https://saasverdict.com/compare\multilogin-alternatives/. Comment 'checklist' if you want a quick evaluation sheet."
"5","Multilogin X vs ADBLogin (2026): Reliability, Cost, and Scale Decision Guide | SaaSVerdict","https://saasverdict.com/compare\multilogin-vs-adblogin/","Facebook Page","Feed post","Looking into Multilogin X vs ADBLogin (2026): Reliability, Cost, and Scale Decision Guide | SaaSVerdict? Technical comparison of Multilogin X and ADBLogin with risk-first scoring, rollout criteria, and procurement checkpoints for scaling teams. Read the full guide: https://saasverdict.com/compare\multilogin-vs-adblogin/. Comment 'checklist' if you want a quick evaluation sheet."
"6","Multilogin X vs AdsPower (2026): Reliability, Cost, and Scale Decision Guide | SaaSVerdict","https://saasverdict.com/compare\multilogin-vs-adspower/","Facebook Page","Feed post","Looking into Multilogin X vs AdsPower (2026): Reliability, Cost, and Scale Decision Guide | SaaSVerdict? Technical comparison of Multilogin X and AdsPower with risk-first scoring, rollout criteria, and procurement checkpoints for scaling teams. Read the full guide: https://saasverdict.com/compare\multilogin-vs-adspower/. Comment 'checklist' if you want a quick evaluation sheet."
"7","Multilogin X vs BitBrowser (2026): Reliability, Cost, and Scale Decision Guide | SaaSVerdict","https://saasverdict.com/compare\multilogin-vs-bitbrowser/","Facebook Page","Feed post","Looking into Multilogin X vs BitBrowser (2026): Reliability, Cost, and Scale Decision Guide | SaaSVerdict? Technical comparison of Multilogin X and BitBrowser with risk-first scoring, rollout criteria, and procurement checkpoints for scaling teams. Read the full guide: https://saasverdict.com/compare\multilogin-vs-bitbrowser/. Comment 'checklist' if you want a quick evaluation sheet."
"8","Multilogin X vs DashNull (2026): Reliability, Cost, and Scale Decision Guide | SaaSVerdict","https://saasverdict.com/compare\multilogin-vs-dashnull/","Facebook Page","Feed post","Looking into Multilogin X vs DashNull (2026): Reliability, Cost, and Scale Decision Guide | SaaSVerdict? Technical comparison of Multilogin X and DashNull with risk-first scoring, rollout criteria, and procurement checkpoints for scaling teams. Read the full guide: https://saasverdict.com/compare\multilogin-vs-dashnull/. Comment 'checklist' if you want a quick evaluation sheet."
"9","Multilogin X vs DisCloak (2026): Reliability, Cost, and Scale Decision Guide | SaaSVerdict","https://saasverdict.com/compare\multilogin-vs-discloak/","Facebook Page","Feed post","Looking into Multilogin X vs DisCloak (2026): Reliability, Cost, and Scale Decision Guide | SaaSVerdict? Technical comparison of Multilogin X and DisCloak with risk-first scoring, rollout criteria, and procurement checkpoints for scaling teams. Read the full guide: https://saasverdict.com/compare\multilogin-vs-discloak/. Comment 'checklist' if you want a quick evaluation sheet."
"10","Multilogin X vs Dolphin Anty (2026): Reliability, Cost, and Scale Decision Guide | SaaSVerdict","https://saasverdict.com/compare\multilogin-vs-dolphin-anty/","Facebook Page","Feed post","Looking into Multilogin X vs Dolphin Anty (2026): Reliability, Cost, and Scale Decision Guide | SaaSVerdict? Technical comparison of Multilogin X and Dolphin Anty with risk-first scoring, rollout criteria, and procurement checkpoints for scaling teams. Read the full guide: https://saasverdict.com/compare\multilogin-vs-dolphin-anty/. Comment 'checklist' if you want a quick evaluation sheet."
"11","Multilogin X vs Ghost Browser (2026): Reliability, Cost, and Scale Decision Guide | SaaSVerdict","https://saasverdict.com/compare\multilogin-vs-ghost-browser/","Facebook Page","Feed post","Looking into Multilogin X vs Ghost Browser (2026): Reliability, Cost, and Scale Decision Guide | SaaSVerdict? Technical comparison of Multilogin X and Ghost Browser with risk-first scoring, rollout criteria, and procurement checkpoints for scaling teams. Read the full guide: https://saasverdict.com/compare\multilogin-vs-ghost-browser/. Comment 'checklist' if you want a quick evaluation sheet."
"12","Multilogin X vs GoLogin (2026): Reliability, Cost, and Scale Decision Guide | SaaSVerdict","https://saasverdict.com/compare\multilogin-vs-gologin/","Facebook Page","Feed post","Looking into Multilogin X vs GoLogin (2026): Reliability, Cost, and Scale Decision Guide | SaaSVerdict? Technical comparison of Multilogin X and GoLogin with risk-first scoring, rollout criteria, and procurement checkpoints for scaling teams. Read the full guide: https://saasverdict.com/compare\multilogin-vs-gologin/. Comment 'checklist' if you want a quick evaluation sheet."
"13","Multilogin X vs HideMyAcc (2026): Reliability, Cost, and Scale Decision Guide | SaaSVerdict","https://saasverdict.com/compare\multilogin-vs-hidemyacc/","Facebook Page","Feed post","Looking into Multilogin X vs HideMyAcc (2026): Reliability, Cost, and Scale Decision Guide | SaaSVerdict? Technical comparison of Multilogin X and HideMyAcc with risk-first scoring, rollout criteria, and procurement checkpoints for scaling teams. Read the full guide: https://saasverdict.com/compare\multilogin-vs-hidemyacc/. Comment 'checklist' if you want a quick evaluation sheet."
"14","Multilogin X vs Incogniton (2026): Reliability, Cost, and Scale Decision Guide | SaaSVerdict","https://saasverdict.com/compare\multilogin-vs-incogniton/","Facebook Page","Feed post","Looking into Multilogin X vs Incogniton (2026): Reliability, Cost, and Scale Decision Guide | SaaSVerdict? Technical comparison of Multilogin X and Incogniton with risk-first scoring, rollout criteria, and procurement checkpoints for scaling teams. Read the full guide: https://saasverdict.com/compare\multilogin-vs-incogniton/. Comment 'checklist' if you want a quick evaluation sheet."
"15","Multilogin X vs Indigo Browser (2026): Reliability, Cost, and Scale Decision Guide | SaaSVerdict","https://saasverdict.com/compare\multilogin-vs-indigo-browser/","Facebook Page","Feed post","Looking into Multilogin X vs Indigo Browser (2026): Reliability, Cost, and Scale Decision Guide | SaaSVerdict? Technical comparison of Multilogin X and Indigo Browser with risk-first scoring, rollout criteria, and procurement checkpoints for scaling teams. Read the full guide: https://saasverdict.com/compare\multilogin-vs-indigo-browser/. Comment 'checklist' if you want a quick evaluation sheet."
"16","Multilogin X vs Kameleo (2026): Reliability, Cost, and Scale Decision Guide | SaaSVerdict","https://saasverdict.com/compare\multilogin-vs-kameleo/","Facebook Page","Feed post","Looking into Multilogin X vs Kameleo (2026): Reliability, Cost, and Scale Decision Guide | SaaSVerdict? Technical comparison of Multilogin X and Kameleo with risk-first scoring, rollout criteria, and procurement checkpoints for scaling teams. Read the full guide: https://saasverdict.com/compare\multilogin-vs-kameleo/. Comment 'checklist' if you want a quick evaluation sheet."
"17","Multilogin X vs LinkenSphere (2026): Reliability, Cost, and Scale Decision Guide | SaaSVerdict","https://saasverdict.com/compare\multilogin-vs-linkensphere/","Facebook Page","Feed post","Looking into Multilogin X vs LinkenSphere (2026): Reliability, Cost, and Scale Decision Guide | SaaSVerdict? Technical comparison of Multilogin X and LinkenSphere with risk-first scoring, rollout criteria, and procurement checkpoints for scaling teams. Read the full guide: https://saasverdict.com/compare\multilogin-vs-linkensphere/. Comment 'checklist' if you want a quick evaluation sheet."
"18","Multilogin X vs MoreLogin (2026): Reliability, Cost, and Scale Decision Guide | SaaSVerdict","https://saasverdict.com/compare\multilogin-vs-morelogin/","Facebook Page","Feed post","Looking into Multilogin X vs MoreLogin (2026): Reliability, Cost, and Scale Decision Guide | SaaSVerdict? Technical comparison of Multilogin X and MoreLogin with risk-first scoring, rollout criteria, and procurement checkpoints for scaling teams. Read the full guide: https://saasverdict.com/compare\multilogin-vs-morelogin/. Comment 'checklist' if you want a quick evaluation sheet."
"19","Multilogin X vs NSTBrowser (2026): Reliability, Cost, and Scale Decision Guide | SaaSVerdict","https://saasverdict.com/compare\multilogin-vs-nstbrowser/","Facebook Page","Feed post","Looking into Multilogin X vs NSTBrowser (2026): Reliability, Cost, and Scale Decision Guide | SaaSVerdict? Technical comparison of Multilogin X and NSTBrowser with risk-first scoring, rollout criteria, and procurement checkpoints for scaling teams. Read the full guide: https://saasverdict.com/compare\multilogin-vs-nstbrowser/. Comment 'checklist' if you want a quick evaluation sheet."
"20","Multilogin X vs Octo Browser (2026): Reliability, Cost, and Scale Decision Guide | SaaSVerdict","https://saasverdict.com/compare\multilogin-vs-octo-browser/","Facebook Page","Feed post","Looking into Multilogin X vs Octo Browser (2026): Reliability, Cost, and Scale Decision Guide | SaaSVerdict? Technical comparison of Multilogin X and Octo Browser with risk-first scoring, rollout criteria, and procurement checkpoints for scaling teams. Read the full guide: https://saasverdict.com/compare\multilogin-vs-octo-browser/. Comment 'checklist' if you want a quick evaluation sheet."
"21","Multilogin X vs RoxyBrowser (2026): Reliability, Cost, and Scale Decision Guide | SaaSVerdict","https://saasverdict.com/compare\multilogin-vs-roxybrowser/","Facebook Page","Feed post","Looking into Multilogin X vs RoxyBrowser (2026): Reliability, Cost, and Scale Decision Guide | SaaSVerdict? Technical comparison of Multilogin X and RoxyBrowser with risk-first scoring, rollout criteria, and procurement checkpoints for scaling teams. Read the full guide: https://saasverdict.com/compare\multilogin-vs-roxybrowser/. Comment 'checklist' if you want a quick evaluation sheet."
"22","Multilogin X vs Undetectable.io (2026): Reliability, Cost, and Scale Decision Guide | SaaSVerdict","https://saasverdict.com/compare\multilogin-vs-undetectable/","Facebook Page","Feed post","Looking into Multilogin X vs Undetectable.io (2026): Reliability, Cost, and Scale Decision Guide | SaaSVerdict? Technical comparison of Multilogin X and Undetectable.io with risk-first scoring, rollout criteria, and procurement checkpoints for scaling teams. Read the full guide: https://saasverdict.com/compare\multilogin-vs-undetectable/. Comment 'checklist' if you want a quick evaluation sheet."
"23","Multilogin X vs VektorT13 (2026): Reliability, Cost, and Scale Decision Guide | SaaSVerdict","https://saasverdict.com/compare\multilogin-vs-vektort13/","Facebook Page","Feed post","Looking into Multilogin X vs VektorT13 (2026): Reliability, Cost, and Scale Decision Guide | SaaSVerdict? Technical comparison of Multilogin X and VektorT13 with risk-first scoring, rollout criteria, and procurement checkpoints for scaling teams. Read the full guide: https://saasverdict.com/compare\multilogin-vs-vektort13/. Comment 'checklist' if you want a quick evaluation sheet."
"24","Multilogin X vs VMLogin (2026): Reliability, Cost, and Scale Decision Guide | SaaSVerdict","https://saasverdict.com/compare\multilogin-vs-vmlogin/","Facebook Page","Feed post","Looking into Multilogin X vs VMLogin (2026): Reliability, Cost, and Scale Decision Guide | SaaSVerdict? Technical comparison of Multilogin X and VMLogin with risk-first scoring, rollout criteria, and procurement checkpoints for scaling teams. Read the full guide: https://saasverdict.com/compare\multilogin-vs-vmlogin/. Comment 'checklist' if you want a quick evaluation sheet."
"25","Multilogin X vs Wade Browser (2026): Reliability, Cost, and Scale Decision Guide | SaaSVerdict","https://saasverdict.com/compare\multilogin-vs-wade-browser/","Facebook Page","Feed post","Looking into Multilogin X vs Wade Browser (2026): Reliability, Cost, and Scale Decision Guide | SaaSVerdict? Technical comparison of Multilogin X and Wade Browser with risk-first scoring, rollout criteria, and procurement checkpoints for scaling teams. Read the full guide: https://saasverdict.com/compare\multilogin-vs-wade-browser/. Comment 'checklist' if you want a quick evaluation sheet."
"26","Multilogin X vs WhoLogin (2026): Reliability, Cost, and Scale Decision Guide | SaaSVerdict","https://saasverdict.com/compare\multilogin-vs-whologin/","Facebook Page","Feed post","Looking into Multilogin X vs WhoLogin (2026): Reliability, Cost, and Scale Decision Guide | SaaSVerdict? Technical comparison of Multilogin X and WhoLogin with risk-first scoring, rollout criteria, and procurement checkpoints for scaling teams. Read the full guide: https://saasverdict.com/compare\multilogin-vs-whologin/. Comment 'checklist' if you want a quick evaluation sheet."
"27","Contact SaaSVerdict | Support and Partnership","https://saasverdict.com/contact/","Facebook Page","Feed post","Looking into Contact SaaSVerdict | Support and Partnership? Contact SaaSVerdict for support, partnership inquiries, and custom audit requests for browser automation operations. Read the full guide: https://saasverdict.com/contact/. Comment 'checklist' if you want a quick evaluation sheet."
"28","Editorial Policy | SaaSVerdict","https://saasverdict.com/editorial-policy/","Facebook Page","Feed post","Looking into Editorial Policy | SaaSVerdict? SaaSVerdict editorial standards and methodology controls: scoring logic, disclosure governance, reproducibility protocol, and correction workflow. Read the full guide: https://saasverdict.com/editorial-policy/. Comment 'checklist' if you want a quick evaluation sheet."
"29","Antidetect Browser Pricing Playbook 2026: Real Cost vs Risk | SaaSVerdict","https://saasverdict.com/guides\antidetect-browser-pricing-playbook/","Facebook Page","Feed post","Looking into Antidetect Browser Pricing Playbook 2026: Real Cost vs Risk | SaaSVerdict? Calculate real antidetect browser cost with a practical pricing playbook: hidden cost factors, scenario models, and go or no-go procurement gates. Read the full guide: https://saasverdict.com/guides\antidetect-browser-pricing-playbook/. Comment 'checklist' if you want a quick evaluation sheet."
"30","Antidetection Ops SOP 2026: Signal Contract, Worker Parity, and Go-Live Gates | SaaSVerdict","https://saasverdict.com/guides\antidetection-ops-sop/","Facebook Page","Feed post","Looking into Antidetection Ops SOP 2026: Signal Contract, Worker Parity, and Go-Live Gates | SaaSVerdict? A practical antidetection operations SOP for 2026: signal contract design, worker parity checks, release gates, and evidence-first procurement decisions. Read the full guide: https://saasverdict.com/guides\antidetection-ops-sop/. Comment 'checklist' if you want a quick evaluation sheet."
"31","Anti-Detect Libraries Playbook 2026: Puppeteer, Playwright, Selenium, and Request Stack | SaaSVerdict","https://saasverdict.com/guides\antidetect-libs-playbook/","Facebook Page","Feed post","Looking into Anti-Detect Libraries Playbook 2026: Puppeteer, Playwright, Selenium, and Request Stack | SaaSVerdict? A practical anti-detect libraries playbook: framework-by-framework stack design, risk map, maintenance reality, and a proof-first path before applying SAAS50. Read the full guide: https://saasverdict.com/guides\antidetect-libs-playbook/. Comment 'checklist' if you want a quick evaluation sheet."
"32","April 2026 Benchmark Report: Antidetect Reliability Baseline | SaaSVerdict","https://saasverdict.com/guides\benchmark-reports\2026-04/","Facebook Page","Feed post","Looking into April 2026 Benchmark Report: Antidetect Reliability Baseline | SaaSVerdict? April 2026 reliability benchmark across 22 platforms under methodology v1.2 with weighted scoring, drift signals, and evidence-level notes. Read the full guide: https://saasverdict.com/guides\benchmark-reports\2026-04/. Comment 'checklist' if you want a quick evaluation sheet."
"33","May 2026 Benchmark Report Preview: Antidetect Reliability Trend | SaaSVerdict","https://saasverdict.com/guides\benchmark-reports\2026-05/","Facebook Page","Feed post","Looking into May 2026 Benchmark Report Preview: Antidetect Reliability Trend | SaaSVerdict? May 2026 benchmark preview across 22 platforms under methodology v1.2 with trend deltas versus April baseline and publish-gate readiness checks. Read the full guide: https://saasverdict.com/guides\benchmark-reports\2026-05/. Comment 'checklist' if you want a quick evaluation sheet."
"34","Benchmark Reports Hub 2026: Antidetect Reliability Lab | SaaSVerdict","https://saasverdict.com/guides\benchmark-reports/","Facebook Page","Feed post","Looking into Benchmark Reports Hub 2026: Antidetect Reliability Lab | SaaSVerdict? Monthly antidetect reliability benchmarks with repeatable protocol, evidence levels, and change-impact notes across major platforms. Read the full guide: https://saasverdict.com/guides\benchmark-reports/. Comment 'checklist' if you want a quick evaluation sheet."
"35","Benchmark Report Template: Monthly Evidence Release Blueprint | SaaSVerdict","https://saasverdict.com/guides\benchmark-reports\report-template/","Facebook Page","Feed post","Looking into Benchmark Report Template: Monthly Evidence Release Blueprint | SaaSVerdict? Reusable monthly benchmark template with evidence requirements, publication checklist, and traceability fields for antidetect reliability reports. Read the full guide: https://saasverdict.com/guides\benchmark-reports\report-template/. Comment 'checklist' if you want a quick evaluation sheet."
"36","Browser Fingerprint Checklist for Automation Teams (2026) | SaaSVerdict","https://saasverdict.com/guides\browser-fingerprint-checklist/","Facebook Page","Feed post","Looking into Browser Fingerprint Checklist for Automation Teams (2026) | SaaSVerdict? Actionable browser fingerprint checklist with pass-fail rules, detection-test stack, and escalation logic before scaling automation operations. Read the full guide: https://saasverdict.com/guides\browser-fingerprint-checklist/. Comment 'checklist' if you want a quick evaluation sheet."
"37","Connection Leak Tests for Browser QA (2026): WebRTC, DNS, TCP/IP | SaaSVerdict","https://saasverdict.com/guides\connection-leak-tests/","Facebook Page","Feed post","Looking into Connection Leak Tests for Browser QA (2026): WebRTC, DNS, TCP/IP | SaaSVerdict? Connection leak testing playbook for anti-detect QA: WebRTC, DNS, TCP-IP checks, offline extension audit, and evidence-first checkout flow with SAAS50. Read the full guide: https://saasverdict.com/guides\connection-leak-tests/. Comment 'checklist' if you want a quick evaluation sheet."
"38","Detection Tests for Browser Fingerprint QA (2026) | SaaSVerdict","https://saasverdict.com/guides\detection-tests/","Facebook Page","Feed post","Looking into Detection Tests for Browser Fingerprint QA (2026) | SaaSVerdict? Practical detection-test stack for browser fingerprint QA: Everything, automation, canvas, captcha, and connection checks before scaling or checkout. Read the full guide: https://saasverdict.com/guides\detection-tests/. Comment 'checklist' if you want a quick evaluation sheet."
"39","Evaluation Methodology 2026: Reproducible Scoring and Evidence Protocol | SaaSVerdict","https://saasverdict.com/guides\evaluation-methodology/","Facebook Page","Feed post","Looking into Evaluation Methodology 2026: Reproducible Scoring and Evidence Protocol | SaaSVerdict? Transparent scoring framework for antidetect browser evaluations: weighted criteria, reproducibility rules, evidence grading, correction SLAs, and disclosure controls. Read the full guide: https://saasverdict.com/guides\evaluation-methodology/. Comment 'checklist' if you want a quick evaluation sheet."
"40","Automation Guides Hub 2026: Implementation Playbooks | SaaSVerdict","https://saasverdict.com/guides/","Facebook Page","Feed post","Looking into Automation Guides Hub 2026: Implementation Playbooks | SaaSVerdict? Implementation playbooks for automation teams: API launch flow, anti-detect library architecture, fingerprint QA, and connection leak validation before checkout. Read the full guide: https://saasverdict.com/guides/. Comment 'checklist' if you want a quick evaluation sheet."
"41","Methodology Changelog: Version History and Impact Notes | SaaSVerdict","https://saasverdict.com/guides\methodology-changelog/","Facebook Page","Feed post","Looking into Methodology Changelog: Version History and Impact Notes | SaaSVerdict? Public version history for SaaSVerdict evaluation methodology, including scoring updates, protocol changes, and impact notes. Read the full guide: https://saasverdict.com/guides\methodology-changelog/. Comment 'checklist' if you want a quick evaluation sheet."
"42","Multilogin X API + Playwright: Production Implementation Guide (2026) | SaaSVerdict","https://saasverdict.com/guides\multilogin-x-api-playwright/","Facebook Page","Feed post","Looking into Multilogin X API + Playwright: Production Implementation Guide (2026) | SaaSVerdict? Production implementation guide for Multilogin X and Playwright covering architecture flow, robust timeout handling, failure catalog, and deployment checklist. Read the full guide: https://saasverdict.com/guides\multilogin-x-api-playwright/. Comment 'checklist' if you want a quick evaluation sheet."
"43","SaaSVerdict 2026: Antidetect Browser Reviews, Comparisons and Automation Guides","https://saasverdict.com/","Facebook Page","Feed post","Looking into SaaSVerdict 2026: Antidetect Browser Reviews, Comparisons and Automation Guides? SaaSVerdict helps teams choose antidetect browser stacks with reliability-first comparisons, implementation runbooks, and transparent decision frameworks. Read the full guide: https://saasverdict.com/. Comment 'checklist' if you want a quick evaluation sheet."
"44","Privacy Policy | SaaSVerdict","https://saasverdict.com/privacy-policy/","Facebook Page","Feed post","Looking into Privacy Policy | SaaSVerdict? Privacy policy describing how SaaSVerdict handles contact data, analytics signals, retention practices, and user rights requests. Read the full guide: https://saasverdict.com/privacy-policy/. Comment 'checklist' if you want a quick evaluation sheet."
"45","ADBLogin Promo Code 2026: Verification Workflow and Safer Procurement | SaaSVerdict","https://saasverdict.com/promo\adblogin-promo-code/","Facebook Page","Feed post","Looking into ADBLogin Promo Code 2026: Verification Workflow and Safer Procurement | SaaSVerdict? Validate ADBLogin offers, confirm free-tier entitlement boundaries, and reduce entitlement drift as workflows mature before checkout. Read the full guide: https://saasverdict.com/promo\adblogin-promo-code/. Comment 'checklist' if you want a quick evaluation sheet."
"46","AdsPower Promo Code 2026: Verification Workflow and Safer Procurement | SaaSVerdict","https://saasverdict.com/promo\adspower-promo-code/","Facebook Page","Feed post","Looking into AdsPower Promo Code 2026: Verification Workflow and Safer Procurement | SaaSVerdict? Validate AdsPower offers, confirm workspace roles and policy controls, and reduce governance drift across shared workspaces before checkout. Read the full guide: https://saasverdict.com/promo\adspower-promo-code/. Comment 'checklist' if you want a quick evaluation sheet."
"47","BitBrowser Promo Code 2026: Verification Workflow and Safer Procurement | SaaSVerdict","https://saasverdict.com/promo\bitbrowser-promo-code/","Facebook Page","Feed post","Looking into BitBrowser Promo Code 2026: Verification Workflow and Safer Procurement | SaaSVerdict? Validate BitBrowser offers, confirm proxy-to-profile hygiene rules, and reduce identity correlation from weak proxy hygiene before checkout. Read the full guide: https://saasverdict.com/promo\bitbrowser-promo-code/. Comment 'checklist' if you want a quick evaluation sheet."
"48","DashNull Promo Code 2026: Verification Workflow and Safer Procurement | SaaSVerdict","https://saasverdict.com/promo\dashnull-promo-code/","Facebook Page","Feed post","Looking into DashNull Promo Code 2026: Verification Workflow and Safer Procurement | SaaSVerdict? Validate DashNull offers, confirm depth of fingerprint control options, and reduce insufficient control depth on high-risk targets before checkout. Read the full guide: https://saasverdict.com/promo\dashnull-promo-code/. Comment 'checklist' if you want a quick evaluation sheet."
"49","DisCloak Promo Code 2026: Verification Workflow and Safer Procurement | SaaSVerdict","https://saasverdict.com/promo\discloak-promo-code/","Facebook Page","Feed post","Looking into DisCloak Promo Code 2026: Verification Workflow and Safer Procurement | SaaSVerdict? Validate DisCloak offers, confirm difference between UI masking and durable isolation, and reduce detection from shallow obfuscation layers before checkout. Read the full guide: https://saasverdict.com/promo\discloak-promo-code/. Comment 'checklist' if you want a quick evaluation sheet."
"50","Dolphin Anty Coupon 2026: Verification Workflow and Safer Procurement | SaaSVerdict","https://saasverdict.com/promo\dolphin-anty-coupon/","Facebook Page","Feed post","Looking into Dolphin Anty Coupon 2026: Verification Workflow and Safer Procurement | SaaSVerdict? Validate Dolphin Anty offers, confirm team handoff and recovery procedures, and reduce handoff errors during team operations before checkout. Read the full guide: https://saasverdict.com/promo\dolphin-anty-coupon/. Comment 'checklist' if you want a quick evaluation sheet."
"51","Ghost Browser Promo Code 2026: Verification Workflow and Safer Procurement | SaaSVerdict","https://saasverdict.com/promo\ghost-browser-promo-code/","Facebook Page","Feed post","Looking into Ghost Browser Promo Code 2026: Verification Workflow and Safer Procurement | SaaSVerdict? Validate Ghost Browser offers, confirm session model versus true profile isolation, and reduce identity leakage from session-model ambiguity before checkout. Read the full guide: https://saasverdict.com/promo\ghost-browser-promo-code/. Comment 'checklist' if you want a quick evaluation sheet."
"52","GoLogin Discount Code 2026: Verification Workflow and Safer Procurement | SaaSVerdict","https://saasverdict.com/promo\gologin-discount-code/","Facebook Page","Feed post","Looking into GoLogin Discount Code 2026: Verification Workflow and Safer Procurement | SaaSVerdict? Validate GoLogin offers, confirm browser version cadence and fingerprint consistency, and reduce fingerprint inconsistency across update cycles before checkout. Read the full guide: https://saasverdict.com/promo\gologin-discount-code/. Comment 'checklist' if you want a quick evaluation sheet."
"53","HideMyAcc Promo Code 2026: Verification Workflow and Safer Procurement | SaaSVerdict","https://saasverdict.com/promo\hidemyacc-promo-code/","Facebook Page","Feed post","Looking into HideMyAcc Promo Code 2026: Verification Workflow and Safer Procurement | SaaSVerdict? Validate HideMyAcc offers, confirm backup and restore reliability on local machines, and reduce local resource bottlenecks and restore failures before checkout. Read the full guide: https://saasverdict.com/promo\hidemyacc-promo-code/. Comment 'checklist' if you want a quick evaluation sheet."
"54","Incogniton Promo Code 2026: Verification Workflow and Safer Procurement | SaaSVerdict","https://saasverdict.com/promo\incogniton-promo-code/","Facebook Page","Feed post","Looking into Incogniton Promo Code 2026: Verification Workflow and Safer Procurement | SaaSVerdict? Validate Incogniton offers, confirm post-trial downgrade behavior and migration path, and reduce downgrade friction after early trial period before checkout. Read the full guide: https://saasverdict.com/promo\incogniton-promo-code/. Comment 'checklist' if you want a quick evaluation sheet."
"55","Antidetect Browser Promo Verification Hub 2026 | SaaSVerdict","https://saasverdict.com/promo/","Facebook Page","Feed post","Looking into Antidetect Browser Promo Verification Hub 2026 | SaaSVerdict? Explore 22 antidetect promo verification pages with differentiated risk models so you can validate offers before procurement. Read the full guide: https://saasverdict.com/promo/. Comment 'checklist' if you want a quick evaluation sheet."
"56","Indigo Browser Promo Code 2026: Verification Workflow and Safer Procurement | SaaSVerdict","https://saasverdict.com/promo\indigo-browser-promo-code/","Facebook Page","Feed post","Looking into Indigo Browser Promo Code 2026: Verification Workflow and Safer Procurement | SaaSVerdict? Validate Indigo Browser offers, confirm update velocity versus premium pricing, and reduce price-value imbalance under production demands before checkout. Read the full guide: https://saasverdict.com/promo\indigo-browser-promo-code/. Comment 'checklist' if you want a quick evaluation sheet."
"57","Kameleo Promo Code 2026: Verification Workflow and Safer Procurement | SaaSVerdict","https://saasverdict.com/promo\kameleo-promo-code/","Facebook Page","Feed post","Looking into Kameleo Promo Code 2026: Verification Workflow and Safer Procurement | SaaSVerdict? Validate Kameleo offers, confirm hardware load limits under scale, and reduce hardware saturation during parallel workloads before checkout. Read the full guide: https://saasverdict.com/promo\kameleo-promo-code/. Comment 'checklist' if you want a quick evaluation sheet."
"58","LinkenSphere Promo Code 2026: Verification Workflow and Safer Procurement | SaaSVerdict","https://saasverdict.com/promo\linkensphere-promo-code/","Facebook Page","Feed post","Looking into LinkenSphere Promo Code 2026: Verification Workflow and Safer Procurement | SaaSVerdict? Validate LinkenSphere offers, confirm process transparency and security disclosure, and reduce trust debt from limited transparency signals before checkout. Read the full guide: https://saasverdict.com/promo\linkensphere-promo-code/. Comment 'checklist' if you want a quick evaluation sheet."
"59","MoreLogin Promo Code 2026: Verification Workflow and Safer Procurement | SaaSVerdict","https://saasverdict.com/promo\morelogin-promo-code/","Facebook Page","Feed post","Looking into MoreLogin Promo Code 2026: Verification Workflow and Safer Procurement | SaaSVerdict? Validate MoreLogin offers, confirm team permission granularity and audit trails, and reduce permission drift in multi-seat teams before checkout. Read the full guide: https://saasverdict.com/promo\morelogin-promo-code/. Comment 'checklist' if you want a quick evaluation sheet."
"60","NSTBrowser Promo Code 2026: Verification Workflow and Safer Procurement | SaaSVerdict","https://saasverdict.com/promo\nstbrowser-promo-code/","Facebook Page","Feed post","Looking into NSTBrowser Promo Code 2026: Verification Workflow and Safer Procurement | SaaSVerdict? Validate NSTBrowser offers, confirm open-based billing predictability, and reduce cost volatility from open-based billing before checkout. Read the full guide: https://saasverdict.com/promo\nstbrowser-promo-code/. Comment 'checklist' if you want a quick evaluation sheet."
"61","Octo Browser Promo Code 2026: Verification Workflow and Safer Procurement | SaaSVerdict","https://saasverdict.com/promo\octo-browser-promo-code/","Facebook Page","Feed post","Looking into Octo Browser Promo Code 2026: Verification Workflow and Safer Procurement | SaaSVerdict? Validate Octo Browser offers, confirm starter tier limits before scale, and reduce capacity ceilings on entry tiers before checkout. Read the full guide: https://saasverdict.com/promo\octo-browser-promo-code/. Comment 'checklist' if you want a quick evaluation sheet."
"62","RoxyBrowser Promo Code 2026: Verification Workflow and Safer Procurement | SaaSVerdict","https://saasverdict.com/promo\roxybrowser-promo-code/","Facebook Page","Feed post","Looking into RoxyBrowser Promo Code 2026: Verification Workflow and Safer Procurement | SaaSVerdict? Validate RoxyBrowser offers, confirm business controls behind consumer promotions, and reduce control gaps hidden behind consumer messaging before checkout. Read the full guide: https://saasverdict.com/promo\roxybrowser-promo-code/. Comment 'checklist' if you want a quick evaluation sheet."
"63","Undetectable.io Promo Code 2026: Verification Workflow and Safer Procurement | SaaSVerdict","https://saasverdict.com/promo\undetectable-promo-code/","Facebook Page","Feed post","Looking into Undetectable.io Promo Code 2026: Verification Workflow and Safer Procurement | SaaSVerdict? Validate Undetectable.io offers, confirm config reuse limits and entropy quality, and reduce entropy reuse in config-driven workflows before checkout. Read the full guide: https://saasverdict.com/promo\undetectable-promo-code/. Comment 'checklist' if you want a quick evaluation sheet."
"64","VektorT13 Promo Code 2026: Verification Workflow and Safer Procurement | SaaSVerdict","https://saasverdict.com/promo\vektort13-promo-code/","Facebook Page","Feed post","Looking into VektorT13 Promo Code 2026: Verification Workflow and Safer Procurement | SaaSVerdict? Validate VektorT13 offers, confirm virtualization overhead and operational complexity, and reduce operational overhead from VM-heavy stacks before checkout. Read the full guide: https://saasverdict.com/promo\vektort13-promo-code/. Comment 'checklist' if you want a quick evaluation sheet."
"65","VMLogin Promo Code 2026: Verification Workflow and Safer Procurement | SaaSVerdict","https://saasverdict.com/promo\vmlogin-promo-code/","Facebook Page","Feed post","Looking into VMLogin Promo Code 2026: Verification Workflow and Safer Procurement | SaaSVerdict? Validate VMLogin offers, confirm high-volume profile quality consistency, and reduce quality variance across very high profile volumes before checkout. Read the full guide: https://saasverdict.com/promo\vmlogin-promo-code/. Comment 'checklist' if you want a quick evaluation sheet."
"66","Wade Browser Promo Code 2026: Verification Workflow and Safer Procurement | SaaSVerdict","https://saasverdict.com/promo\wade-browser-promo-code/","Facebook Page","Feed post","Looking into Wade Browser Promo Code 2026: Verification Workflow and Safer Procurement | SaaSVerdict? Validate Wade Browser offers, confirm automation access terms and API cost structure, and reduce automation tax impacts on sustainable ROI before checkout. Read the full guide: https://saasverdict.com/promo\wade-browser-promo-code/. Comment 'checklist' if you want a quick evaluation sheet."
"67","WhoLogin Promo Code 2026: Verification Workflow and Safer Procurement | SaaSVerdict","https://saasverdict.com/promo\whologin-promo-code/","Facebook Page","Feed post","Looking into WhoLogin Promo Code 2026: Verification Workflow and Safer Procurement | SaaSVerdict? Validate WhoLogin offers, confirm automation boundaries behind unlimited claims, and reduce feature mismatch between free and automation workflows before checkout. Read the full guide: https://saasverdict.com/promo\whologin-promo-code/. Comment 'checklist' if you want a quick evaluation sheet."
"68","Terms of Use | SaaSVerdict","https://saasverdict.com/terms/","Facebook Page","Feed post","Looking into Terms of Use | SaaSVerdict? Terms of use for accessing SaaSVerdict content, including acceptable use, disclosure context, and responsibility boundaries. Read the full guide: https://saasverdict.com/terms/. Comment 'checklist' if you want a quick evaluation sheet."
"69","Best Antidetect Browsers 2026: Ranked by Practical Reliability | SaaSVerdict","https://saasverdict.com/tools\antidetect-browsers/","Facebook Page","Feed post","Looking into Best Antidetect Browsers 2026: Ranked by Practical Reliability | SaaSVerdict? Independent ranking of antidetect browsers with decision context, failure-mode analysis, and guidance for budget, scale, API maturity, and promo verification. Read the full guide: https://saasverdict.com/tools\antidetect-browsers/. Comment 'checklist' if you want a quick evaluation sheet."
"70","Benchmark Release Checker: Monthly Publish Gate Tool | SaaSVerdict","https://saasverdict.com/tools\benchmark-release-checker/","Facebook Page","Feed post","Looking into Benchmark Release Checker: Monthly Publish Gate Tool | SaaSVerdict? Free tool to check if your monthly benchmark release is ready for publication using evidence, methodology, and governance gates. Read the full guide: https://saasverdict.com/tools\benchmark-release-checker/. Comment 'checklist' if you want a quick evaluation sheet."
"71","Evidence Pack Builder: SOP-Ready Proof Template Tool | SaaSVerdict","https://saasverdict.com/tools\evidence-pack-builder/","Facebook Page","Feed post","Looking into Evidence Pack Builder: SOP-Ready Proof Template Tool | SaaSVerdict? Free tool to build a structured antidetection evidence pack before procurement or recommendation decisions. Read the full guide: https://saasverdict.com/tools\evidence-pack-builder/. Comment 'checklist' if you want a quick evaluation sheet."
"72","Fingerprint Readiness Score: Free Pre-Procurement Risk Tool | SaaSVerdict","https://saasverdict.com/tools\fingerprint-readiness-score/","Facebook Page","Feed post","Looking into Fingerprint Readiness Score: Free Pre-Procurement Risk Tool | SaaSVerdict? Free tool to estimate fingerprint operation readiness before procurement: repeated runs, drift risk, connection stability, and governance controls. Read the full guide: https://saasverdict.com/tools\fingerprint-readiness-score/. Comment 'checklist' if you want a quick evaluation sheet."
"73","Tools Hub: Rankings, Comparisons, and Discount Intelligence | SaaSVerdict","https://saasverdict.com/tools/","Facebook Page","Feed post","Looking into Tools Hub: Rankings, Comparisons, and Discount Intelligence | SaaSVerdict? Use the Tools hub to shortlist platforms, validate tradeoffs, verify promo claims, and only then apply pricing offers with confidence. Read the full guide: https://saasverdict.com/tools/. Comment 'checklist' if you want a quick evaluation sheet."
"74","Multilogin X Discount Code 2026: SAAS50 (Verified 50% Off) + Cost Model | SaaSVerdict","https://saasverdict.com/tools\multilogin-discount/","Facebook Page","Feed post","Looking into Multilogin X Discount Code 2026: SAAS50 (Verified 50% Off) + Cost Model | SaaSVerdict? Verified Multilogin X discount page with recurring 50% code SAAS50, cost model examples, activation checklist, and buyer-fit guidance. Read the full guide: https://saasverdict.com/tools\multilogin-discount/. Comment 'checklist' if you want a quick evaluation sheet."
