id,platform,format,post_copy,link
1,Facebook Page,Feed post,"Looking for a Multilogin alternative in 2026? I compared top options using 4 criteria: profile stability, automation fit, support quality, and total cost. Read the full comparison here: [LINK]. Comment 'checklist' and I will send the 5-minute evaluation sheet.",[LINK]
2,Facebook Group,Discussion post,"Quick community question: if you had to replace Multilogin this month, what would be your #1 decision factor? I put together a practical alternatives comparison to make the decision easier: [LINK]. If you are already using one of these tools, share your real-world experience.",[LINK]
3,LinkedIn,Professional post,"Most teams choose an anti-detect browser by monthly price, then pay for it later in instability. Three common mistakes: (1) ignoring profile stability data, (2) skipping automation-fit checks, and (3) underestimating support response time. I mapped leading Multilogin alternatives with a practical decision framework: [LINK]. Reply 'template' if you want the scoring sheet.",[LINK]
4,X (Twitter),Single post,"Choosing a Multilogin alternative in 2026? Do not rank by price alone. Compare profile stability, automation fit, support quality, and total cost first. Full breakdown: [LINK].",[LINK]
5,X (Twitter),Thread (5 tweets),"Tweet 1: Most teams pick anti-detect browsers by price and regret it later. Tweet 2: Start with profile stability; if this fails, ad spend leaks. Tweet 3: Then check automation compatibility for scale. Tweet 4: Then compare support speed and escalation quality. Tweet 5: I compiled a practical Multilogin alternatives breakdown here: [LINK].",[LINK]
6,Reddit,Title + body,"Title: I compared Multilogin alternatives for 2026 and built a decision checklist. Body: I helped a team evaluate options beyond Multilogin and documented the process using profile stability, automation compatibility, support responsiveness, and total cost over time. Sharing in case it helps: [LINK]. What worked best for your team in production?",[LINK]
7,Telegram Channel,Channel post,"Need a Multilogin replacement? I summarized the strongest alternatives with a practical decision framework (not just pricing): [LINK]. Reply 'checklist' if you want the quick scoring sheet.",[LINK]
8,Zalo OA,OA broadcast,"Planning to replace Multilogin? This guide compares alternatives using operational criteria that matter in production: stability, automation, support, and long-term cost. Read it here: [LINK]. Message us for the quick evaluation checklist.",[LINK]
9,TikTok,30-40s video script,"Hook (0-3s): Do not choose your next anti-detect browser only by price. Body (4-30s): If you are replacing Multilogin, score each option on 4 things: profile stability, automation fit, support quality, and total cost. CTA (31-40s): Open the full comparison from the link in bio: [LINK].",[LINK]
10,YouTube Community,Community post,"Evaluating alternatives to Multilogin? I published a practical comparison using real decision criteria: profile stability, automation fit, support quality, and long-term cost. Read here: [LINK]. Comment if you want a video breakdown for each option.",[LINK]
11,Email Newsletter,Subject + body,"Subject: Multilogin alternatives in 2026: pick the right one in 5 minutes. Body: Hi, if you are evaluating alternatives to Multilogin, start with decision quality, not monthly price. I created a practical comparison based on profile stability, automation compatibility, support quality, and total cost. Read the full article: [LINK]. Reply if you want the scoring checklist template.",[LINK]
12,Universal,Link value,"Use this value for [LINK] in all scripts: https://saasverdict.com/compare/multilogin-alternatives/",https://saasverdict.com/compare/multilogin-alternatives/
