title,telegraph_url,local_path,orig_url
"SaaSVerdict 2026: Antidetect Browser Reviews, Comparisons and Automation Guides",https://telegra.ph/SaaSVerdict-2026-Antidetect-Browser-Reviews-Comparisons-and-Automation-Guides-04-20-3,index.html,https://saasverdict.com/
"SaaSVerdict 2026: Antidetect Browser Reviews, Comparisons and Automation Guides",https://telegra.ph/SaaSVerdict-2026-Antidetect-Browser-Reviews-Comparisons-and-Automation-Guides-04-20-4,index.html,https://saasverdict.com/
"SaaSVerdict 2026: Antidetect Browser Reviews, Comparisons and Automation Guides",https://telegra.ph/SaaSVerdict-2026-Antidetect-Browser-Reviews-Comparisons-and-Automation-Guides-04-20-5,index.html,https://saasverdict.com/
"Tools Hub: Rankings, Comparisons, and Discount Intelligence | SaaSVerdict",https://telegra.ph/Tools-Hub-Rankings-Comparisons-and-Discount-Intelligence--SaaSVerdict-04-20-2,tools\index.html,https://saasverdict.com/tools/
Multilogin X Discount Code 2026: SAAS50 (Verified 50% Off) + Cost Model | SaaSVerdict,https://telegra.ph/Multilogin-X-Discount-Code-2026-SAAS50-Verified-50-Off--Cost-Model--SaaSVerdict-04-20-2,tools\multilogin-discount\index.html,https://saasverdict.com/tools/multilogin-discount/
Fingerprint Readiness Score: Free Pre-Procurement Risk Tool | SaaSVerdict,https://telegra.ph/Fingerprint-Readiness-Score-Free-Pre-Procurement-Risk-Tool--SaaSVerdict-04-20-2,tools\fingerprint-readiness-score\index.html,https://saasverdict.com/tools/fingerprint-readiness-score/
Evidence Pack Builder: SOP-Ready Proof Template Tool | SaaSVerdict,https://telegra.ph/Evidence-Pack-Builder-SOP-Ready-Proof-Template-Tool--SaaSVerdict-04-20-2,tools\evidence-pack-builder\index.html,https://saasverdict.com/tools/evidence-pack-builder/
Benchmark Release Checker: Monthly Publish Gate Tool | SaaSVerdict,https://telegra.ph/Benchmark-Release-Checker-Monthly-Publish-Gate-Tool--SaaSVerdict-04-20-2,tools\benchmark-release-checker\index.html,https://saasverdict.com/tools/benchmark-release-checker/
Best Antidetect Browsers 2026: Ranked by Practical Reliability | SaaSVerdict,https://telegra.ph/Best-Antidetect-Browsers-2026-Ranked-by-Practical-Reliability--SaaSVerdict-04-20-2,tools\antidetect-browsers\index.html,https://saasverdict.com/tools/antidetect-browsers/
Antidetect Compare Hub 2026: Multilogin X vs 22 Platforms | SaaSVerdict,https://telegra.ph/Antidetect-Compare-Hub-2026-Multilogin-X-vs-22-Platforms--SaaSVerdict-04-20-2,compare\index.html,https://saasverdict.com/compare/
"Best Multilogin Alternatives 2026: Cost, Risk, and Fit Matrix | SaaSVerdict",https://telegra.ph/Best-Multilogin-Alternatives-2026-Cost-Risk-and-Fit-Matrix--SaaSVerdict-04-20-2,compare\multilogin-alternatives\index.html,https://saasverdict.com/compare/multilogin-alternatives/
How to get Multilogin element IDs with Postman | SaaSVerdict,https://telegra.ph/How-to-get-Multilogin-element-IDs-with-Postman--SaaSVerdict-04-21,guides\mlx-api-hub\low-code-automation-wi\how-to-get-multilogin-element\index.html,https://saasverdict.com/guides/mlx-api-hub/low-code-automation-wi/how-to-get-multilogin-element/
How to install browser extensions with Postman | SaaSVerdict,https://telegra.ph/How-to-install-browser-extensions-with-Postman--SaaSVerdict-04-21,guides\mlx-api-hub\low-code-automation-wi\how-to-install-browser-extensi\index.html,https://saasverdict.com/guides/mlx-api-hub/low-code-automation-wi/how-to-install-browser-extensi/
How to navigate Multilogin API documentation with Postman | SaaSVerdict,https://telegra.ph/How-to-navigate-Multilogin-API-documentation-with-Postman--SaaSVerdict-04-21,guides\mlx-api-hub\low-code-automation-wi\how-to-navigate-multilogin-api\index.html,https://saasverdict.com/guides/mlx-api-hub/low-code-automation-wi/how-to-navigate-multilogin-api/
How to save a quick profile in local storage with Postman | SaaSVerdict,https://telegra.ph/How-to-save-a-quick-profile-in-local-storage-with-Postman--SaaSVerdict-04-21,guides\mlx-api-hub\low-code-automation-wi\how-to-save-a-quick-profile-in\index.html,https://saasverdict.com/guides/mlx-api-hub/low-code-automation-wi/how-to-save-a-quick-profile-in/
How to set up Multilogin automation with Postman | SaaSVerdict,https://telegra.ph/How-to-set-up-Multilogin-automation-with-Postman--SaaSVerdict-04-21,guides\mlx-api-hub\low-code-automation-wi\how-to-set-up-multilogin-autom\index.html,https://saasverdict.com/guides/mlx-api-hub/low-code-automation-wi/how-to-set-up-multilogin-autom/
How to start a Multilogin profile with Postman | SaaSVerdict,https://telegra.ph/How-to-start-a-Multilogin-profile-with-Postman--SaaSVerdict-04-21,guides\mlx-api-hub\low-code-automation-wi\how-to-start-a-multilogin-prof\index.html,https://saasverdict.com/guides/mlx-api-hub/low-code-automation-wi/how-to-start-a-multilogin-prof/
How to stop a Multilogin profile with Postman | SaaSVerdict,https://telegra.ph/How-to-stop-a-Multilogin-profile-with-Postman--SaaSVerdict-04-21,guides\mlx-api-hub\low-code-automation-wi\how-to-stop-a-multilogin-profi\index.html,https://saasverdict.com/guides/mlx-api-hub/low-code-automation-wi/how-to-stop-a-multilogin-profi/
How to update a Multilogin profile with Postman | SaaSVerdict,https://telegra.ph/How-to-update-a-Multilogin-profile-with-Postman--SaaSVerdict-04-21,guides\mlx-api-hub\low-code-automation-wi\how-to-update-a-multilogin-pro\index.html,https://saasverdict.com/guides/mlx-api-hub/low-code-automation-wi/how-to-update-a-multilogin-pro/
How to use bookmark manager in Multilogin | SaaSVerdict,https://telegra.ph/How-to-use-bookmark-manager-in-Multilogin--SaaSVerdict-04-21,guides\mlx-api-hub\low-code-automation-wi\how-to-use-bookmark-manager-in\index.html,https://saasverdict.com/guides/mlx-api-hub/low-code-automation-wi/how-to-use-bookmark-manager-in/
How to use Multilogin API as a team member with Postman | SaaSVerdict,https://telegra.ph/How-to-use-Multilogin-API-as-a-team-member-with-Postman--SaaSVerdict-04-21,guides\mlx-api-hub\low-code-automation-wi\how-to-use-multilogin-api-as-a\index.html,https://saasverdict.com/guides/mlx-api-hub/low-code-automation-wi/how-to-use-multilogin-api-as-a/
Why use Postman with Multilogin? | SaaSVerdict,https://telegra.ph/Why-use-Postman-with-Multilogin--SaaSVerdict-04-21,guides\mlx-api-hub\low-code-automation-wi\why-use-postman-with-multilogi\index.html,https://saasverdict.com/guides/mlx-api-hub/low-code-automation-wi/why-use-postman-with-multilogi/
Getting started with automation scripting | SaaSVerdict,https://telegra.ph/Getting-started-with-automation-scripting--SaaSVerdict-04-21,guides\mlx-api-hub\puppeteer-selenium-and\getting-started-with-automatio\index.html,https://saasverdict.com/guides/mlx-api-hub/puppeteer-selenium-and/getting-started-with-automatio/
How to choose the best automation framework | SaaSVerdict,https://telegra.ph/How-to-choose-the-best-automation-framework--SaaSVerdict-04-21,guides\mlx-api-hub\puppeteer-selenium-and\how-to-choose-the-best-automat\index.html,https://saasverdict.com/guides/mlx-api-hub/puppeteer-selenium-and/how-to-choose-the-best-automat/
How to troubleshoot WebDriver connection issues | SaaSVerdict,https://telegra.ph/How-to-troubleshoot-WebDriver-connection-issues--SaaSVerdict-04-21,guides\mlx-api-hub\puppeteer-selenium-and\how-to-troubleshoot-webdriver\index.html,https://saasverdict.com/guides/mlx-api-hub/puppeteer-selenium-and/how-to-troubleshoot-webdriver/
Playwright automation example | SaaSVerdict,https://telegra.ph/Playwright-automation-example--SaaSVerdict-04-21,guides\mlx-api-hub\puppeteer-selenium-and\playwright-automation-example\index.html,https://saasverdict.com/guides/mlx-api-hub/puppeteer-selenium-and/playwright-automation-example/
Puppeteer automation example | SaaSVerdict,https://telegra.ph/Puppeteer-automation-example--SaaSVerdict-04-21,guides\mlx-api-hub\puppeteer-selenium-and\puppeteer-automation-example\index.html,https://saasverdict.com/guides/mlx-api-hub/puppeteer-selenium-and/puppeteer-automation-example/
Selenium automation example | SaaSVerdict,https://telegra.ph/Selenium-automation-example--SaaSVerdict-04-21,guides\mlx-api-hub\puppeteer-selenium-and\selenium-automation-example\index.html,https://saasverdict.com/guides/mlx-api-hub/puppeteer-selenium-and/selenium-automation-example/
How to find a user ID in DevTools | SaaSVerdict,https://telegra.ph/How-to-find-a-user-ID-in-DevTools--SaaSVerdict-04-21,guides\mlx-api-hub\quick-solutions-with-d\how-to-find-a-user-id-in-devto\index.html,https://saasverdict.com/guides/mlx-api-hub/quick-solutions-with-d/how-to-find-a-user-id-in-devto/
How to get API tokens in DevTools | SaaSVerdict,https://telegra.ph/How-to-get-API-tokens-in-DevTools--SaaSVerdict-04-21,guides\mlx-api-hub\quick-solutions-with-d\how-to-get-api-tokens-in-devto\index.html,https://saasverdict.com/guides/mlx-api-hub/quick-solutions-with-d/how-to-get-api-tokens-in-devto/
"How to get profile, folder, and workspace IDs in DevTools | SaaSVerdict",https://telegra.ph/How-to-get-profile-folder-and-workspace-IDs-in-DevTools--SaaSVerdict-04-21,guides\mlx-api-hub\quick-solutions-with-d\how-to-get-profile-folder-and\index.html,https://saasverdict.com/guides/mlx-api-hub/quick-solutions-with-d/how-to-get-profile-folder-and/
Multilogin X API | SaaSVerdict,https://telegra.ph/Multilogin-X-API--SaaSVerdict-04-21,guides\mlx-api-hub\quick-solutions-with-d\multilogin-x-api\index.html,https://saasverdict.com/guides/mlx-api-hub/quick-solutions-with-d/multilogin-x-api/
How to control core updates via API | SaaSVerdict,https://telegra.ph/How-to-control-core-updates-via-API--SaaSVerdict-04-21,guides\mlx-api-hub\script-runner-and-pred\how-to-control-core-updates-vi\index.html,https://saasverdict.com/guides/mlx-api-hub/script-runner-and-pred/how-to-control-core-updates-vi/
How to run CookieRobot using Script runner in Postman | SaaSVerdict,https://telegra.ph/How-to-run-CookieRobot-using-Script-runner-in-Postman--SaaSVerdict-04-21,guides\mlx-api-hub\script-runner-and-pred\how-to-run-cookierobot-using-s\index.html,https://saasverdict.com/guides/mlx-api-hub/script-runner-and-pred/how-to-run-cookierobot-using-s/
How to use the strict mode via API | SaaSVerdict,https://telegra.ph/How-to-use-the-strict-mode-via-API--SaaSVerdict-04-21,guides\mlx-api-hub\script-runner-and-pred\how-to-use-the-strict-mode-via\index.html,https://saasverdict.com/guides/mlx-api-hub/script-runner-and-pred/how-to-use-the-strict-mode-via/
About SaaSVerdict | Methodology and Editorial Process,https://telegra.ph/About-SaaSVerdict--Methodology-and-Editorial-Process-04-21,about\index.html,https://saasverdict.com/about/
ADBLogin Promo Code 2026: Verification Workflow and Safer Procurement | SaaSVerdict,https://telegra.ph/ADBLogin-Promo-Code-2026-Verification-Workflow-and-Safer-Procurement--SaaSVerdict-04-21,promo\adblogin-promo-code\index.html,https://saasverdict.com/promo/adblogin-promo-code/
AdsPower Promo Code 2026: Verification Workflow and Safer Procurement | SaaSVerdict,https://telegra.ph/AdsPower-Promo-Code-2026-Verification-Workflow-and-Safer-Procurement--SaaSVerdict-04-21,promo\adspower-promo-code\index.html,https://saasverdict.com/promo/adspower-promo-code/
"Anti-Detect Libraries Playbook 2026: Puppeteer, Playwright, Selenium, and Request Stack | SaaSVerdict",https://telegra.ph/Anti-Detect-Libraries-Playbook-2026-Puppeteer-Playwright-Selenium-and-Request-Stack--SaaSVerdict-04-21,guides\antidetect-libs-playbook\index.html,https://saasverdict.com/guides/antidetect-libs-playbook/
Antidetect Browser Pricing Playbook 2026: Real Cost vs Risk | SaaSVerdict,https://telegra.ph/Antidetect-Browser-Pricing-Playbook-2026-Real-Cost-vs-Risk--SaaSVerdict-04-21,guides\antidetect-browser-pricing-playbook\index.html,https://saasverdict.com/guides/antidetect-browser-pricing-playbook/
Antidetect Browser Promo Verification Hub 2026 | SaaSVerdict,https://telegra.ph/Antidetect-Browser-Promo-Verification-Hub-2026--SaaSVerdict-04-21,promo\index.html,https://saasverdict.com/promo/
"Antidetection Ops SOP 2026: Signal Contract, Worker Parity, and Go-Live Gates | SaaSVerdict",https://telegra.ph/Antidetection-Ops-SOP-2026-Signal-Contract-Worker-Parity-and-Go-Live-Gates--SaaSVerdict-04-21,guides\antidetection-ops-sop\index.html,https://saasverdict.com/guides/antidetection-ops-sop/
April 2026 Benchmark Report: Antidetect Reliability Baseline | SaaSVerdict,https://telegra.ph/April-2026-Benchmark-Report-Antidetect-Reliability-Baseline--SaaSVerdict-04-21,guides\benchmark-reports\2026-04\index.html,https://saasverdict.com/guides/benchmark-reports/2026-04/
Automation Guides Hub 2026: Implementation Playbooks | SaaSVerdict,https://telegra.ph/Automation-Guides-Hub-2026-Implementation-Playbooks--SaaSVerdict-04-21,guides\index.html,https://saasverdict.com/guides/
Basic automation with CLI API Playbooks | SaaSVerdict,https://telegra.ph/Basic-automation-with-CLI-API-Playbooks--SaaSVerdict-04-21,guides\mlx-api-hub\basic-automation-with\index.html,https://saasverdict.com/guides/mlx-api-hub/basic-automation-with/
Benchmark Report Template: Monthly Evidence Release Blueprint | SaaSVerdict,https://telegra.ph/Benchmark-Report-Template-Monthly-Evidence-Release-Blueprint--SaaSVerdict-04-21,guides\benchmark-reports\report-template\index.html,https://saasverdict.com/guides/benchmark-reports/report-template/
Benchmark Reports Hub 2026: Antidetect Reliability Lab | SaaSVerdict,https://telegra.ph/Benchmark-Reports-Hub-2026-Antidetect-Reliability-Lab--SaaSVerdict-04-21,guides\benchmark-reports\index.html,https://saasverdict.com/guides/benchmark-reports/
BitBrowser Promo Code 2026: Verification Workflow and Safer Procurement | SaaSVerdict,https://telegra.ph/BitBrowser-Promo-Code-2026-Verification-Workflow-and-Safer-Procurement--SaaSVerdict-04-21,promo\bitbrowser-promo-code\index.html,https://saasverdict.com/promo/bitbrowser-promo-code/
Automation Guides Hub 2026: Implementation Playbooks | SaaSVerdict,https://telegra.ph/Automation-Guides-Hub-2026-Implementation-Playbooks--SaaSVerdict-04-21-2,guides\index.html,https://saasverdict.com/guides/
Basic automation with CLI API Playbooks | SaaSVerdict,https://telegra.ph/Basic-automation-with-CLI-API-Playbooks--SaaSVerdict-04-21-2,guides\mlx-api-hub\basic-automation-with\index.html,https://saasverdict.com/guides/mlx-api-hub/basic-automation-with/
Benchmark Report Template: Monthly Evidence Release Blueprint | SaaSVerdict,https://telegra.ph/Benchmark-Report-Template-Monthly-Evidence-Release-Blueprint--SaaSVerdict-04-21-2,guides\benchmark-reports\report-template\index.html,https://saasverdict.com/guides/benchmark-reports/report-template/
Benchmark Reports Hub 2026: Antidetect Reliability Lab | SaaSVerdict,https://telegra.ph/Benchmark-Reports-Hub-2026-Antidetect-Reliability-Lab--SaaSVerdict-04-21-2,guides\benchmark-reports\index.html,https://saasverdict.com/guides/benchmark-reports/
BitBrowser Promo Code 2026: Verification Workflow and Safer Procurement | SaaSVerdict,https://telegra.ph/BitBrowser-Promo-Code-2026-Verification-Workflow-and-Safer-Procurement--SaaSVerdict-04-21-2,promo\bitbrowser-promo-code\index.html,https://saasverdict.com/promo/bitbrowser-promo-code/
Browser Fingerprint Checklist for Automation Teams (2026) | SaaSVerdict,https://telegra.ph/Browser-Fingerprint-Checklist-for-Automation-Teams-2026--SaaSVerdict-04-21,guides\browser-fingerprint-checklist\index.html,https://saasverdict.com/guides/browser-fingerprint-checklist/
"Connection Leak Tests for Browser QA (2026): WebRTC, DNS, TCP/IP | SaaSVerdict",https://telegra.ph/Connection-Leak-Tests-for-Browser-QA-2026-WebRTC-DNS-TCPIP--SaaSVerdict-04-21,guides\connection-leak-tests\index.html,https://saasverdict.com/guides/connection-leak-tests/
Contact SaaSVerdict | Support and Partnership,https://telegra.ph/Contact-SaaSVerdict--Support-and-Partnership-04-21,contact\index.html,https://saasverdict.com/contact/
"Cookie Automation Runbook 2026: Collection, Metadata, and QA Guardrails | SaaSVerdict",https://telegra.ph/Cookie-Automation-Runbook-2026-Collection-Metadata-and-QA-Guardrails--SaaSVerdict-04-21,guides\cookie-automation-runbook\index.html,https://saasverdict.com/guides/cookie-automation-runbook/
Custom Python scripts API Playbooks | SaaSVerdict,https://telegra.ph/Custom-Python-scripts-API-Playbooks--SaaSVerdict-04-21,guides\mlx-api-hub\custom-python-scripts\index.html,https://saasverdict.com/guides/mlx-api-hub/custom-python-scripts/
DashNull Promo Code 2026: Verification Workflow and Safer Procurement | SaaSVerdict,https://telegra.ph/DashNull-Promo-Code-2026-Verification-Workflow-and-Safer-Procurement--SaaSVerdict-04-21,promo\dashnull-promo-code\index.html,https://saasverdict.com/promo/dashnull-promo-code/
Detection Tests for Browser Fingerprint QA (2026) | SaaSVerdict,https://telegra.ph/Detection-Tests-for-Browser-Fingerprint-QA-2026--SaaSVerdict-04-21,guides\detection-tests\index.html,https://saasverdict.com/guides/detection-tests/
DisCloak Promo Code 2026: Verification Workflow and Safer Procurement | SaaSVerdict,https://telegra.ph/DisCloak-Promo-Code-2026-Verification-Workflow-and-Safer-Procurement--SaaSVerdict-04-21,promo\discloak-promo-code\index.html,https://saasverdict.com/promo/discloak-promo-code/
Dolphin Anty Coupon 2026: Verification Workflow and Safer Procurement | SaaSVerdict,https://telegra.ph/Dolphin-Anty-Coupon-2026-Verification-Workflow-and-Safer-Procurement--SaaSVerdict-04-21,promo\dolphin-anty-coupon\index.html,https://saasverdict.com/promo/dolphin-anty-coupon/
Editorial Policy | SaaSVerdict,https://telegra.ph/Editorial-Policy--SaaSVerdict-04-21,editorial-policy\index.html,https://saasverdict.com/editorial-policy/
Evaluation Methodology 2026: Reproducible Scoring and Evidence Protocol | SaaSVerdict,https://telegra.ph/Evaluation-Methodology-2026-Reproducible-Scoring-and-Evidence-Protocol--SaaSVerdict-04-21,guides\evaluation-methodology\index.html,https://saasverdict.com/guides/evaluation-methodology/
External automation tools API Playbooks | SaaSVerdict,https://telegra.ph/External-automation-tools-API-Playbooks--SaaSVerdict-04-21,guides\mlx-api-hub\external-automation-to\index.html,https://saasverdict.com/guides/mlx-api-hub/external-automation-to/
Ghost Browser Promo Code 2026: Verification Workflow and Safer Procurement | SaaSVerdict,https://telegra.ph/Ghost-Browser-Promo-Code-2026-Verification-Workflow-and-Safer-Procurement--SaaSVerdict-04-21,promo\ghost-browser-promo-code\index.html,https://saasverdict.com/promo/ghost-browser-promo-code/
GoLogin Discount Code 2026: Verification Workflow and Safer Procurement | SaaSVerdict,https://telegra.ph/GoLogin-Discount-Code-2026-Verification-Workflow-and-Safer-Procurement--SaaSVerdict-04-21,promo\gologin-discount-code\index.html,https://saasverdict.com/promo/gologin-discount-code/
HideMyAcc Promo Code 2026: Verification Workflow and Safer Procurement | SaaSVerdict,https://telegra.ph/HideMyAcc-Promo-Code-2026-Verification-Workflow-and-Safer-Procurement--SaaSVerdict-04-21,promo\hidemyacc-promo-code\index.html,https://saasverdict.com/promo/hidemyacc-promo-code/
How to automate a login on a website | SaaSVerdict,https://telegra.ph/How-to-automate-a-login-on-a-website--SaaSVerdict-04-21,guides\mlx-api-hub\custom-python-scripts\how-to-automate-a-login-on-a-w\index.html,https://saasverdict.com/guides/mlx-api-hub/custom-python-scripts/how-to-automate-a-login-on-a-w/
How to create a Multilogin profile with Postman | SaaSVerdict,https://telegra.ph/How-to-create-a-Multilogin-profile-with-Postman--SaaSVerdict-04-21,guides\mlx-api-hub\low-code-automation-wi\how-to-create-a-multilogin-pro\index.html,https://saasverdict.com/guides/mlx-api-hub/low-code-automation-wi/how-to-create-a-multilogin-pro/
How to create a Multilogin profile with Postman | SaaSVerdict,https://telegra.ph/How-to-create-a-Multilogin-profile-with-Postman--SaaSVerdict-04-21-2,guides\mlx-api-hub\low-code-automation-wi\how-to-create-a-multilogin-pro\index.html,https://saasverdict.com/guides/mlx-api-hub/low-code-automation-wi/how-to-create-a-multilogin-pro/
How to create a Multilogin profile with Postman | SaaSVerdict,https://telegra.ph/How-to-create-a-Multilogin-profile-with-Postman--SaaSVerdict-04-21-3,guides\mlx-api-hub\low-code-automation-wi\how-to-create-a-multilogin-pro\index.html,https://saasverdict.com/guides/mlx-api-hub/low-code-automation-wi/how-to-create-a-multilogin-pro/
How to create a Multilogin profile with Postman | SaaSVerdict,https://telegra.ph/How-to-create-a-Multilogin-profile-with-Postman--SaaSVerdict-04-21-4,guides\mlx-api-hub\low-code-automation-wi\how-to-create-a-multilogin-pro\index.html,https://saasverdict.com/guides/mlx-api-hub/low-code-automation-wi/how-to-create-a-multilogin-pro/
How to create a profile via CLI | SaaSVerdict,https://telegra.ph/How-to-create-a-profile-via-CLI--SaaSVerdict-04-21,guides\mlx-api-hub\basic-automation-with\how-to-create-a-profile-via-cl\index.html,https://saasverdict.com/guides/mlx-api-hub/basic-automation-with/how-to-create-a-profile-via-cl/
How to create a quick Multilogin profile with Postman | SaaSVerdict,https://telegra.ph/How-to-create-a-quick-Multilogin-profile-with-Postman--SaaSVerdict-04-21,guides\mlx-api-hub\low-code-automation-wi\how-to-create-a-quick-multilog\index.html,https://saasverdict.com/guides/mlx-api-hub/low-code-automation-wi/how-to-create-a-quick-multilog/
How to create preset profile templates with Python | SaaSVerdict,https://telegra.ph/How-to-create-preset-profile-templates-with-Python--SaaSVerdict-04-21,guides\mlx-api-hub\custom-python-scripts\how-to-create-preset-profile-t\index.html,https://saasverdict.com/guides/mlx-api-hub/custom-python-scripts/how-to-create-preset-profile-t/
How to enable 2FA (two-factor authentication) in CLI | SaaSVerdict,https://telegra.ph/How-to-enable-2FA-two-factor-authentication-in-CLI--SaaSVerdict-04-21,guides\mlx-api-hub\basic-automation-with\how-to-enable-2fa-two-factor-a\index.html,https://saasverdict.com/guides/mlx-api-hub/basic-automation-with/how-to-enable-2fa-two-factor-a/
How to enable 2FA (two-factor authentication) with Postman | SaaSVerdict,https://telegra.ph/How-to-enable-2FA-two-factor-authentication-with-Postman--SaaSVerdict-04-21,guides\mlx-api-hub\low-code-automation-wi\how-to-enable-2fa-two-factor-a\index.html,https://saasverdict.com/guides/mlx-api-hub/low-code-automation-wi/how-to-enable-2fa-two-factor-a/
How to enable command flags for Mimic with Postman | SaaSVerdict,https://telegra.ph/How-to-enable-command-flags-for-Mimic-with-Postman--SaaSVerdict-04-21,guides\mlx-api-hub\low-code-automation-wi\how-to-enable-command-flags-fo\index.html,https://saasverdict.com/guides/mlx-api-hub/low-code-automation-wi/how-to-enable-command-flags-fo/
How to export Multilogin cookies with Postman | SaaSVerdict,https://telegra.ph/How-to-export-Multilogin-cookies-with-Postman--SaaSVerdict-04-21-2,guides\mlx-api-hub\low-code-automation-wi\how-to-export-multilogin-cooki\index.html,https://saasverdict.com/guides/mlx-api-hub/low-code-automation-wi/how-to-export-multilogin-cooki/
How to export proxy details with Python | SaaSVerdict,https://telegra.ph/How-to-export-proxy-details-with-Python--SaaSVerdict-04-21,guides\mlx-api-hub\custom-python-scripts\how-to-export-proxy-details-wi\index.html,https://saasverdict.com/guides/mlx-api-hub/custom-python-scripts/how-to-export-proxy-details-wi/
How to generate Multilogin automation tokens with Postman | SaaSVerdict,https://telegra.ph/How-to-generate-Multilogin-automation-tokens-with-Postman--SaaSVerdict-04-21,guides\mlx-api-hub\low-code-automation-wi\how-to-generate-multilogin-aut\index.html,https://saasverdict.com/guides/mlx-api-hub/low-code-automation-wi/how-to-generate-multilogin-aut/
How to import external proxy lists with Python | SaaSVerdict,https://telegra.ph/How-to-import-external-proxy-lists-with-Python--SaaSVerdict-04-21,guides\mlx-api-hub\custom-python-scripts\how-to-import-external-proxy-l\index.html,https://saasverdict.com/guides/mlx-api-hub/custom-python-scripts/how-to-import-external-proxy-l/
How to launch Multilogin desktop app via script | SaaSVerdict,https://telegra.ph/How-to-launch-Multilogin-desktop-app-via-script--SaaSVerdict-04-21,guides\mlx-api-hub\custom-python-scripts\how-to-launch-multilogin-deskt\index.html,https://saasverdict.com/guides/mlx-api-hub/custom-python-scripts/how-to-launch-multilogin-deskt/
How to log in to Multilogin with Python | SaaSVerdict,https://telegra.ph/How-to-log-in-to-Multilogin-with-Python--SaaSVerdict-04-21,guides\mlx-api-hub\custom-python-scripts\how-to-log-in-to-multilogin-wi\index.html,https://saasverdict.com/guides/mlx-api-hub/custom-python-scripts/how-to-log-in-to-multilogin-wi/
How to retrieve API tokens with Python | SaaSVerdict,https://telegra.ph/How-to-retrieve-API-tokens-with-Python--SaaSVerdict-04-21,guides\mlx-api-hub\custom-python-scripts\how-to-retrieve-api-tokens-wit\index.html,https://saasverdict.com/guides/mlx-api-hub/custom-python-scripts/how-to-retrieve-api-tokens-wit/
How to run CookieRobot in Multilogin CLI | SaaSVerdict,https://telegra.ph/How-to-run-CookieRobot-in-Multilogin-CLI--SaaSVerdict-04-21,guides\mlx-api-hub\basic-automation-with\how-to-run-cookierobot-in-mult\index.html,https://saasverdict.com/guides/mlx-api-hub/basic-automation-with/how-to-run-cookierobot-in-mult/
How to start working with CLI | SaaSVerdict,https://telegra.ph/How-to-start-working-with-CLI--SaaSVerdict-04-21,guides\mlx-api-hub\basic-automation-with\how-to-start-working-with-cli\index.html,https://saasverdict.com/guides/mlx-api-hub/basic-automation-with/how-to-start-working-with-cli/
How to use CLI as a team member | SaaSVerdict,https://telegra.ph/How-to-use-CLI-as-a-team-member--SaaSVerdict-04-21,guides\mlx-api-hub\basic-automation-with\how-to-use-cli-as-a-team-membe\index.html,https://saasverdict.com/guides/mlx-api-hub/basic-automation-with/how-to-use-cli-as-a-team-membe/
How to use Script runner with Multilogin CLI | SaaSVerdict,https://telegra.ph/How-to-use-Script-runner-with-Multilogin-CLI--SaaSVerdict-04-21,guides\mlx-api-hub\basic-automation-with\how-to-use-script-runner-with\index.html,https://saasverdict.com/guides/mlx-api-hub/basic-automation-with/how-to-use-script-runner-with/
Incogniton Promo Code 2026: Verification Workflow and Safer Procurement | SaaSVerdict,https://telegra.ph/Incogniton-Promo-Code-2026-Verification-Workflow-and-Safer-Procurement--SaaSVerdict-04-21,promo\incogniton-promo-code\index.html,https://saasverdict.com/promo/incogniton-promo-code/
Indigo Browser Promo Code 2026: Verification Workflow and Safer Procurement | SaaSVerdict,https://telegra.ph/Indigo-Browser-Promo-Code-2026-Verification-Workflow-and-Safer-Procurement--SaaSVerdict-04-21,promo\indigo-browser-promo-code\index.html,https://saasverdict.com/promo/indigo-browser-promo-code/
Kameleo Promo Code 2026: Verification Workflow and Safer Procurement | SaaSVerdict,https://telegra.ph/Kameleo-Promo-Code-2026-Verification-Workflow-and-Safer-Procurement--SaaSVerdict-04-21,promo\kameleo-promo-code\index.html,https://saasverdict.com/promo/kameleo-promo-code/
Laravel Multilogin SDK Playbook 2026: Queue-Safe API Integration | SaaSVerdict,https://telegra.ph/Laravel-Multilogin-SDK-Playbook-2026-Queue-Safe-API-Integration--SaaSVerdict-04-21,guides\laravel-multilogin-sdk-playbook\index.html,https://saasverdict.com/guides/laravel-multilogin-sdk-playbook/
Learn CLI command flags | SaaSVerdict,https://telegra.ph/Learn-CLI-command-flags--SaaSVerdict-04-21,guides\mlx-api-hub\basic-automation-with\learn-cli-command-flags\index.html,https://saasverdict.com/guides/mlx-api-hub/basic-automation-with/learn-cli-command-flags/
Learn CLI commands | SaaSVerdict,https://telegra.ph/Learn-CLI-commands--SaaSVerdict-04-21,guides\mlx-api-hub\basic-automation-with\learn-cli-commands\index.html,https://saasverdict.com/guides/mlx-api-hub/basic-automation-with/learn-cli-commands/
LinkenSphere Promo Code 2026: Verification Workflow and Safer Procurement | SaaSVerdict,https://telegra.ph/LinkenSphere-Promo-Code-2026-Verification-Workflow-and-Safer-Procurement--SaaSVerdict-04-21,promo\linkensphere-promo-code\index.html,https://saasverdict.com/promo/linkensphere-promo-code/
Low-code automation with Postman API Playbooks | SaaSVerdict,https://telegra.ph/Low-code-automation-with-Postman-API-Playbooks--SaaSVerdict-04-21,guides\mlx-api-hub\low-code-automation-wi\index.html,https://saasverdict.com/guides/mlx-api-hub/low-code-automation-wi/
May 2026 Benchmark Report Preview: Antidetect Reliability Trend | SaaSVerdict,https://telegra.ph/May-2026-Benchmark-Report-Preview-Antidetect-Reliability-Trend--SaaSVerdict-04-21,guides\benchmark-reports\2026-05\index.html,https://saasverdict.com/guides/benchmark-reports/2026-05/
Methodology Changelog: Version History and Impact Notes | SaaSVerdict,https://telegra.ph/Methodology-Changelog-Version-History-and-Impact-Notes--SaaSVerdict-04-21,guides\methodology-changelog\index.html,https://saasverdict.com/guides/methodology-changelog/
MoreLogin Promo Code 2026: Verification Workflow and Safer Procurement | SaaSVerdict,https://telegra.ph/MoreLogin-Promo-Code-2026-Verification-Workflow-and-Safer-Procurement--SaaSVerdict-04-21,promo\morelogin-promo-code\index.html,https://saasverdict.com/promo/morelogin-promo-code/
Multilogin API Knowledge Hub 2026: Rewritten Playbooks | SaaSVerdict,https://telegra.ph/Multilogin-API-Knowledge-Hub-2026-Rewritten-Playbooks--SaaSVerdict-04-21,guides\mlx-api-hub\index.html,https://saasverdict.com/guides/mlx-api-hub/
Multilogin X API + Playwright: Production Implementation Guide (2026) | SaaSVerdict,https://telegra.ph/Multilogin-X-API--Playwright-Production-Implementation-Guide-2026--SaaSVerdict-04-21,guides\multilogin-x-api-playwright\index.html,https://saasverdict.com/guides/multilogin-x-api-playwright/
Multilogin X Getting Started Roadmap 2026: First 14 Days | SaaSVerdict,https://telegra.ph/Multilogin-X-Getting-Started-Roadmap-2026-First-14-Days--SaaSVerdict-04-21-2,guides\multilogin-x-getting-started-roadmap\index.html,https://saasverdict.com/guides/multilogin-x-getting-started-roadmap/
"Multilogin X Open-Source Blueprints 2026: SDK, Cookie, Proxy Ops | SaaSVerdict",https://telegra.ph/Multilogin-X-Open-Source-Blueprints-2026-SDK-Cookie-Proxy-Ops--SaaSVerdict-04-21,guides\multilogin-x-open-source-blueprints\index.html,https://saasverdict.com/guides/multilogin-x-open-source-blueprints/
Multilogin X Script Runner Playbook 2026: Batch Execution with Guardrails | SaaSVerdict,https://telegra.ph/Multilogin-X-Script-Runner-Playbook-2026-Batch-Execution-with-Guardrails--SaaSVerdict-04-21,guides\multilogin-x-script-runner-playbook\index.html,https://saasverdict.com/guides/multilogin-x-script-runner-playbook/
"Multilogin X vs ADBLogin (2026): Reliability, Cost, and Scale Decision Guide | SaaSVerdict",https://telegra.ph/Multilogin-X-vs-ADBLogin-2026-Reliability-Cost-and-Scale-Decision-Guide--SaaSVerdict-04-21,compare\multilogin-vs-adblogin\index.html,https://saasverdict.com/compare/multilogin-vs-adblogin/
"Multilogin X vs AdsPower (2026): Reliability, Cost, and Scale Decision Guide | SaaSVerdict",https://telegra.ph/Multilogin-X-vs-AdsPower-2026-Reliability-Cost-and-Scale-Decision-Guide--SaaSVerdict-04-21,compare\multilogin-vs-adspower\index.html,https://saasverdict.com/compare/multilogin-vs-adspower/
"Multilogin X vs BitBrowser (2026): Reliability, Cost, and Scale Decision Guide | SaaSVerdict",https://telegra.ph/Multilogin-X-vs-BitBrowser-2026-Reliability-Cost-and-Scale-Decision-Guide--SaaSVerdict-04-21,compare\multilogin-vs-bitbrowser\index.html,https://saasverdict.com/compare/multilogin-vs-bitbrowser/
"Multilogin X vs DashNull (2026): Reliability, Cost, and Scale Decision Guide | SaaSVerdict",https://telegra.ph/Multilogin-X-vs-DashNull-2026-Reliability-Cost-and-Scale-Decision-Guide--SaaSVerdict-04-21,compare\multilogin-vs-dashnull\index.html,https://saasverdict.com/compare/multilogin-vs-dashnull/
"Multilogin X vs DisCloak (2026): Reliability, Cost, and Scale Decision Guide | SaaSVerdict",https://telegra.ph/Multilogin-X-vs-DisCloak-2026-Reliability-Cost-and-Scale-Decision-Guide--SaaSVerdict-04-21,compare\multilogin-vs-discloak\index.html,https://saasverdict.com/compare/multilogin-vs-discloak/
"Multilogin X vs Dolphin Anty (2026): Reliability, Cost, and Scale Decision Guide | SaaSVerdict",https://telegra.ph/Multilogin-X-vs-Dolphin-Anty-2026-Reliability-Cost-and-Scale-Decision-Guide--SaaSVerdict-04-21,compare\multilogin-vs-dolphin-anty\index.html,https://saasverdict.com/compare/multilogin-vs-dolphin-anty/
"Multilogin X vs Ghost Browser (2026): Reliability, Cost, and Scale Decision Guide | SaaSVerdict",https://telegra.ph/Multilogin-X-vs-Ghost-Browser-2026-Reliability-Cost-and-Scale-Decision-Guide--SaaSVerdict-04-21,compare\multilogin-vs-ghost-browser\index.html,https://saasverdict.com/compare/multilogin-vs-ghost-browser/
"Multilogin X vs GoLogin (2026): Reliability, Cost, and Scale Decision Guide | SaaSVerdict",https://telegra.ph/Multilogin-X-vs-GoLogin-2026-Reliability-Cost-and-Scale-Decision-Guide--SaaSVerdict-04-21,compare\multilogin-vs-gologin\index.html,https://saasverdict.com/compare/multilogin-vs-gologin/
"Multilogin X vs HideMyAcc (2026): Reliability, Cost, and Scale Decision Guide | SaaSVerdict",https://telegra.ph/Multilogin-X-vs-HideMyAcc-2026-Reliability-Cost-and-Scale-Decision-Guide--SaaSVerdict-04-21,compare\multilogin-vs-hidemyacc\index.html,https://saasverdict.com/compare/multilogin-vs-hidemyacc/
"Multilogin X vs Incogniton (2026): Reliability, Cost, and Scale Decision Guide | SaaSVerdict",https://telegra.ph/Multilogin-X-vs-Incogniton-2026-Reliability-Cost-and-Scale-Decision-Guide--SaaSVerdict-04-21,compare\multilogin-vs-incogniton\index.html,https://saasverdict.com/compare/multilogin-vs-incogniton/
"Multilogin X vs Indigo Browser (2026): Reliability, Cost, and Scale Decision Guide | SaaSVerdict",https://telegra.ph/Multilogin-X-vs-Indigo-Browser-2026-Reliability-Cost-and-Scale-Decision-Guide--SaaSVerdict-04-21,compare\multilogin-vs-indigo-browser\index.html,https://saasverdict.com/compare/multilogin-vs-indigo-browser/
"Multilogin X vs Kameleo (2026): Reliability, Cost, and Scale Decision Guide | SaaSVerdict",https://telegra.ph/Multilogin-X-vs-Kameleo-2026-Reliability-Cost-and-Scale-Decision-Guide--SaaSVerdict-04-21,compare\multilogin-vs-kameleo\index.html,https://saasverdict.com/compare/multilogin-vs-kameleo/
"Multilogin X vs LinkenSphere (2026): Reliability, Cost, and Scale Decision Guide | SaaSVerdict",https://telegra.ph/Multilogin-X-vs-LinkenSphere-2026-Reliability-Cost-and-Scale-Decision-Guide--SaaSVerdict-04-21,compare\multilogin-vs-linkensphere\index.html,https://saasverdict.com/compare/multilogin-vs-linkensphere/
"Multilogin X vs MoreLogin (2026): Reliability, Cost, and Scale Decision Guide | SaaSVerdict",https://telegra.ph/Multilogin-X-vs-MoreLogin-2026-Reliability-Cost-and-Scale-Decision-Guide--SaaSVerdict-04-21,compare\multilogin-vs-morelogin\index.html,https://saasverdict.com/compare/multilogin-vs-morelogin/
"Multilogin X vs NSTBrowser (2026): Reliability, Cost, and Scale Decision Guide | SaaSVerdict",https://telegra.ph/Multilogin-X-vs-NSTBrowser-2026-Reliability-Cost-and-Scale-Decision-Guide--SaaSVerdict-04-21,compare\multilogin-vs-nstbrowser\index.html,https://saasverdict.com/compare/multilogin-vs-nstbrowser/
"Multilogin X vs Octo Browser (2026): Reliability, Cost, and Scale Decision Guide | SaaSVerdict",https://telegra.ph/Multilogin-X-vs-Octo-Browser-2026-Reliability-Cost-and-Scale-Decision-Guide--SaaSVerdict-04-21,compare\multilogin-vs-octo-browser\index.html,https://saasverdict.com/compare/multilogin-vs-octo-browser/
"Multilogin X vs RoxyBrowser (2026): Reliability, Cost, and Scale Decision Guide | SaaSVerdict",https://telegra.ph/Multilogin-X-vs-RoxyBrowser-2026-Reliability-Cost-and-Scale-Decision-Guide--SaaSVerdict-04-21,compare\multilogin-vs-roxybrowser\index.html,https://saasverdict.com/compare/multilogin-vs-roxybrowser/
"Multilogin X vs Undetectable.io (2026): Reliability, Cost, and Scale Decision Guide | SaaSVerdict",https://telegra.ph/Multilogin-X-vs-Undetectableio-2026-Reliability-Cost-and-Scale-Decision-Guide--SaaSVerdict-04-21,compare\multilogin-vs-undetectable\index.html,https://saasverdict.com/compare/multilogin-vs-undetectable/
"Multilogin X vs VektorT13 (2026): Reliability, Cost, and Scale Decision Guide | SaaSVerdict",https://telegra.ph/Multilogin-X-vs-VektorT13-2026-Reliability-Cost-and-Scale-Decision-Guide--SaaSVerdict-04-21,compare\multilogin-vs-vektort13\index.html,https://saasverdict.com/compare/multilogin-vs-vektort13/
"Multilogin X vs VMLogin (2026): Reliability, Cost, and Scale Decision Guide | SaaSVerdict",https://telegra.ph/Multilogin-X-vs-VMLogin-2026-Reliability-Cost-and-Scale-Decision-Guide--SaaSVerdict-04-21,compare\multilogin-vs-vmlogin\index.html,https://saasverdict.com/compare/multilogin-vs-vmlogin/
"Multilogin X vs Wade Browser (2026): Reliability, Cost, and Scale Decision Guide | SaaSVerdict",https://telegra.ph/Multilogin-X-vs-Wade-Browser-2026-Reliability-Cost-and-Scale-Decision-Guide--SaaSVerdict-04-21,compare\multilogin-vs-wade-browser\index.html,https://saasverdict.com/compare/multilogin-vs-wade-browser/
"Multilogin X vs WhoLogin (2026): Reliability, Cost, and Scale Decision Guide | SaaSVerdict",https://telegra.ph/Multilogin-X-vs-WhoLogin-2026-Reliability-Cost-and-Scale-Decision-Guide--SaaSVerdict-04-21,compare\multilogin-vs-whologin\index.html,https://saasverdict.com/compare/multilogin-vs-whologin/
NSTBrowser Promo Code 2026: Verification Workflow and Safer Procurement | SaaSVerdict,https://telegra.ph/NSTBrowser-Promo-Code-2026-Verification-Workflow-and-Safer-Procurement--SaaSVerdict-04-21,promo\nstbrowser-promo-code\index.html,https://saasverdict.com/promo/nstbrowser-promo-code/
Octo Browser Promo Code 2026: Verification Workflow and Safer Procurement | SaaSVerdict,https://telegra.ph/Octo-Browser-Promo-Code-2026-Verification-Workflow-and-Safer-Procurement--SaaSVerdict-04-21,promo\octo-browser-promo-code\index.html,https://saasverdict.com/promo/octo-browser-promo-code/
OpenMultiLogin Risk and Migration Guide 2026: From Fork Curiosity to Stable Ops | SaaSVerdict,https://telegra.ph/OpenMultiLogin-Risk-and-Migration-Guide-2026-From-Fork-Curiosity-to-Stable-Ops--SaaSVerdict-04-21,guides\openmultilogin-risk-and-migration-guide\index.html,https://saasverdict.com/guides/openmultilogin-risk-and-migration-guide/
"Multilogin X vs VMLogin (2026): Reliability, Cost, and Scale Decision Guide | SaaSVerdict",https://telegra.ph/Multilogin-X-vs-VMLogin-2026-Reliability-Cost-and-Scale-Decision-Guide--SaaSVerdict-04-21-2,compare\multilogin-vs-vmlogin\index.html,https://saasverdict.com/compare/multilogin-vs-vmlogin/
"Multilogin X vs Wade Browser (2026): Reliability, Cost, and Scale Decision Guide | SaaSVerdict",https://telegra.ph/Multilogin-X-vs-Wade-Browser-2026-Reliability-Cost-and-Scale-Decision-Guide--SaaSVerdict-04-21-2,compare\multilogin-vs-wade-browser\index.html,https://saasverdict.com/compare/multilogin-vs-wade-browser/
"Multilogin X vs WhoLogin (2026): Reliability, Cost, and Scale Decision Guide | SaaSVerdict",https://telegra.ph/Multilogin-X-vs-WhoLogin-2026-Reliability-Cost-and-Scale-Decision-Guide--SaaSVerdict-04-21-2,compare\multilogin-vs-whologin\index.html,https://saasverdict.com/compare/multilogin-vs-whologin/
NSTBrowser Promo Code 2026: Verification Workflow and Safer Procurement | SaaSVerdict,https://telegra.ph/NSTBrowser-Promo-Code-2026-Verification-Workflow-and-Safer-Procurement--SaaSVerdict-04-21-2,promo\nstbrowser-promo-code\index.html,https://saasverdict.com/promo/nstbrowser-promo-code/
Octo Browser Promo Code 2026: Verification Workflow and Safer Procurement | SaaSVerdict,https://telegra.ph/Octo-Browser-Promo-Code-2026-Verification-Workflow-and-Safer-Procurement--SaaSVerdict-04-21-2,promo\octo-browser-promo-code\index.html,https://saasverdict.com/promo/octo-browser-promo-code/
OpenMultiLogin Risk and Migration Guide 2026: From Fork Curiosity to Stable Ops | SaaSVerdict,https://telegra.ph/OpenMultiLogin-Risk-and-Migration-Guide-2026-From-Fork-Curiosity-to-Stable-Ops--SaaSVerdict-04-21-2,guides\openmultilogin-risk-and-migration-guide\index.html,https://saasverdict.com/guides/openmultilogin-risk-and-migration-guide/
Privacy Policy | SaaSVerdict,https://telegra.ph/Privacy-Policy--SaaSVerdict-04-21,privacy-policy\index.html,https://saasverdict.com/privacy-policy/
Proxy Profile Bootstrap Playbook 2026: Quality Gates for Scale | SaaSVerdict,https://telegra.ph/Proxy-Profile-Bootstrap-Playbook-2026-Quality-Gates-for-Scale--SaaSVerdict-04-21,guides\proxy-profile-bootstrap-playbook\index.html,https://saasverdict.com/guides/proxy-profile-bootstrap-playbook/
"Puppeteer, Selenium, and Playwright API Playbooks | SaaSVerdict",https://telegra.ph/Puppeteer-Selenium-and-Playwright-API-Playbooks--SaaSVerdict-04-21,guides\mlx-api-hub\puppeteer-selenium-and\index.html,https://saasverdict.com/guides/mlx-api-hub/puppeteer-selenium-and/
Quick solutions with Developer Tools API Playbooks | SaaSVerdict,https://telegra.ph/Quick-solutions-with-Developer-Tools-API-Playbooks--SaaSVerdict-04-21,guides\mlx-api-hub\quick-solutions-with-d\index.html,https://saasverdict.com/guides/mlx-api-hub/quick-solutions-with-d/
RoxyBrowser Promo Code 2026: Verification Workflow and Safer Procurement | SaaSVerdict,https://telegra.ph/RoxyBrowser-Promo-Code-2026-Verification-Workflow-and-Safer-Procurement--SaaSVerdict-04-21,promo\roxybrowser-promo-code\index.html,https://saasverdict.com/promo/roxybrowser-promo-code/
SaaSVerdict Lab Updates,https://telegra.ph/SaaSVerdict-Lab-Updates-04-21,feeds\lab-updates.xml,https://saasverdict.com/feeds/lab-updates.xml
Scale your account verification with SMS pools in Multilogin | SaaSVerdict,https://telegra.ph/Scale-your-account-verification-with-SMS-pools-in-Multilogin--SaaSVerdict-04-21,guides\mlx-api-hub\external-automation-to\scale-your-account-verificatio\index.html,https://saasverdict.com/guides/mlx-api-hub/external-automation-to/scale-your-account-verificatio/
Script runner & predefined scripts API Playbooks | SaaSVerdict,https://telegra.ph/Script-runner--predefined-scripts-API-Playbooks--SaaSVerdict-04-21,guides\mlx-api-hub\script-runner-and-pred\index.html,https://saasverdict.com/guides/mlx-api-hub/script-runner-and-pred/
Terms of Use | SaaSVerdict,https://telegra.ph/Terms-of-Use--SaaSVerdict-04-21,terms\index.html,https://saasverdict.com/terms/
Undetectable.io Promo Code 2026: Verification Workflow and Safer Procurement | SaaSVerdict,https://telegra.ph/Undetectableio-Promo-Code-2026-Verification-Workflow-and-Safer-Procurement--SaaSVerdict-04-21,promo\undetectable-promo-code\index.html,https://saasverdict.com/promo/undetectable-promo-code/
Unlock faster automation with CAPTCHA solvers in Multilogin | SaaSVerdict,https://telegra.ph/Unlock-faster-automation-with-CAPTCHA-solvers-in-Multilogin--SaaSVerdict-04-21,guides\mlx-api-hub\external-automation-to\unlock-faster-automation-with\index.html,https://saasverdict.com/guides/mlx-api-hub/external-automation-to/unlock-faster-automation-with/
VektorT13 Promo Code 2026: Verification Workflow and Safer Procurement | SaaSVerdict,https://telegra.ph/VektorT13-Promo-Code-2026-Verification-Workflow-and-Safer-Procurement--SaaSVerdict-04-21,promo\vektort13-promo-code\index.html,https://saasverdict.com/promo/vektort13-promo-code/
VMLogin Promo Code 2026: Verification Workflow and Safer Procurement | SaaSVerdict,https://telegra.ph/VMLogin-Promo-Code-2026-Verification-Workflow-and-Safer-Procurement--SaaSVerdict-04-21,promo\vmlogin-promo-code\index.html,https://saasverdict.com/promo/vmlogin-promo-code/
Wade Browser Promo Code 2026: Verification Workflow and Safer Procurement | SaaSVerdict,https://telegra.ph/Wade-Browser-Promo-Code-2026-Verification-Workflow-and-Safer-Procurement--SaaSVerdict-04-21,promo\wade-browser-promo-code\index.html,https://saasverdict.com/promo/wade-browser-promo-code/
Web scraping with Selenium 101 | SaaSVerdict,https://telegra.ph/Web-scraping-with-Selenium-101--SaaSVerdict-04-21,guides\mlx-api-hub\custom-python-scripts\web-scraping-with-selenium-101\index.html,https://saasverdict.com/guides/mlx-api-hub/custom-python-scripts/web-scraping-with-selenium-101/
Undetectable.io Promo Code 2026: Verification Workflow and Safer Procurement | SaaSVerdict,https://telegra.ph/Undetectableio-Promo-Code-2026-Verification-Workflow-and-Safer-Procurement--SaaSVerdict-04-21-2,promo\undetectable-promo-code\index.html,https://saasverdict.com/promo/undetectable-promo-code/
Unlock faster automation with CAPTCHA solvers in Multilogin | SaaSVerdict,https://telegra.ph/Unlock-faster-automation-with-CAPTCHA-solvers-in-Multilogin--SaaSVerdict-04-21-2,guides\mlx-api-hub\external-automation-to\unlock-faster-automation-with\index.html,https://saasverdict.com/guides/mlx-api-hub/external-automation-to/unlock-faster-automation-with/
VektorT13 Promo Code 2026: Verification Workflow and Safer Procurement | SaaSVerdict,https://telegra.ph/VektorT13-Promo-Code-2026-Verification-Workflow-and-Safer-Procurement--SaaSVerdict-04-21-2,promo\vektort13-promo-code\index.html,https://saasverdict.com/promo/vektort13-promo-code/
VMLogin Promo Code 2026: Verification Workflow and Safer Procurement | SaaSVerdict,https://telegra.ph/VMLogin-Promo-Code-2026-Verification-Workflow-and-Safer-Procurement--SaaSVerdict-04-21-2,promo\vmlogin-promo-code\index.html,https://saasverdict.com/promo/vmlogin-promo-code/
Wade Browser Promo Code 2026: Verification Workflow and Safer Procurement | SaaSVerdict,https://telegra.ph/Wade-Browser-Promo-Code-2026-Verification-Workflow-and-Safer-Procurement--SaaSVerdict-04-21-2,promo\wade-browser-promo-code\index.html,https://saasverdict.com/promo/wade-browser-promo-code/
Web scraping with Selenium 101 | SaaSVerdict,https://telegra.ph/Web-scraping-with-Selenium-101--SaaSVerdict-04-21-2,guides\mlx-api-hub\custom-python-scripts\web-scraping-with-selenium-101\index.html,https://saasverdict.com/guides/mlx-api-hub/custom-python-scripts/web-scraping-with-selenium-101/
What is CLI automation? | SaaSVerdict,https://telegra.ph/What-is-CLI-automation--SaaSVerdict-04-21,guides\mlx-api-hub\basic-automation-with\what-is-cli-automation\index.html,https://saasverdict.com/guides/mlx-api-hub/basic-automation-with/what-is-cli-automation/
WhoLogin Promo Code 2026: Verification Workflow and Safer Procurement | SaaSVerdict,https://telegra.ph/WhoLogin-Promo-Code-2026-Verification-Workflow-and-Safer-Procurement--SaaSVerdict-04-21,promo\whologin-promo-code\index.html,https://saasverdict.com/promo/whologin-promo-code/
Workspace ID and Token Setup Runbook 2026: Access Hygiene for Automation | SaaSVerdict,https://telegra.ph/Workspace-ID-and-Token-Setup-Runbook-2026-Access-Hygiene-for-Automation--SaaSVerdict-04-21,guides\workspace-id-and-token-setup-runbook\index.html,https://saasverdict.com/guides/workspace-id-and-token-setup-runbook/
